id,count,code,titel,kurzinfo,signal,erf_date,mut_date,mean_sterne,count_mut,meldung_ids
95,3,F-2020-135,Ultraprocessed food,"Since 1980, scientific literature has reported on the links between the prevalence of certain health conditions and the high consumption of ultra-processed food (see NOVA Klassifikation for definition of ultraprocessed food). The increased consumption of this type of food may be responsible for the increase in incidence of many health conditions such as obesity, type 2 diabetes, hypertension, dyslipidaemia, loss of microbial diversity, dysbiosis, other inflammation-related diseases of the digestive system, increased risk of ischaemic heart disease, coronary heart disease and cancer. Ultra-processed foods have high energy density (energy per volume) and low nutrient density (nutrient per unit energy), making them nutritionally unbalanced. Additives are often used to improve shelf life and taste, and chemical contaminants can result from processing methods. Maximum permitted levels for food additives and contaminants are set to protect consumers, but their cumulative effects are largely unknown.",False,2020-01-06T00:00:00,2024-09-23T07:55:14,1.0,65.0,"[1712, 1678, 1705]"
232,3,F-2023-015,Persistent Listeria monocytogenes strains in food environments,Specific Listeria monocytogenes (Lm) genotypes are adapted to meat and dairy processing environments. Genome analysis identified slaughterhouse as a Lm contamination source for meat processing facilities. Several events of Lm persistence over four years were identified in food processing facilities in Italy. Persistence seems not to be related to specific Lm genotypes.,False,2023-03-10T08:20:25,2024-08-22T08:33:05,2.0,33.0,"[1697, 1694, 1677]"
8,2,F-2018-024,Microplastics,"Microplastics are ubiquitous in various bodies of water. It is estimated that 4.8-12.7 million tonnes of plastic entered the oceans in 2010. Plastic pollution is classified as an emerging risk and poses a global threat to marine ecosystems. Various studies (and subsequent media reports) report contamination of microplastics in table salt and drinking water. The amounts vary, but there is agreement that microplastics are found in table salt in different countries. Inorganic and organic particles can adhere to microplastics, which are then absorbed by the human body through consumption of contaminated salt. In addition, various types of plastic contain plasticisers, which can have a negative impact on health.",True,2018-09-25T00:00:00,2024-09-30T08:28:10,1.0,48.0,"[1701, 1702]"
51,1,F-2019-083,Surrogate meat and meat alternatives,"The consumption of meat is coming under heightened pressure, be that for religious, environmental or health reasons. Numerous publications have appeared on this topic. But what does this mean in terms of opportunities and risks in terms of food safety?Alternative protein sources, mostly not animal-based, are an upward trend. Increasing interest in vegetarian or vegan diets is only one reason for this development, concerns about the environmental and climate impacts of animal agriculture, as well as the question of how to feed a growing world population in the future, also support the search for alternative protein sources. Here are some examples: Moringa tree: a Thurgau-based company wants to extract protein from the leaves of the Moringa tree and use it for the food and feed industry. Interview in the Tagblatt. (April 2020). Algae directly consumed and processed. Insects directly consumed and processed. Fermentation: see ADURA ID 129 'Animal-free food'.",True,2019-05-27T00:00:00,2024-09-17T06:30:10,1.0,108.0,[1710]
43,1,F-2019-063,Hepatitis E virus (HEV),"Hepatitis E virus (HEV) is an important human infection in the EU/EEA countries and, according to EFSA, more than 21,000 acute clinical cases with 28 deaths have been reported in the last 10 years, with a tenfold increase in the total number of HEV cases reported; the majority (80%) of cases were reported in France, Germany and the UK. However, as human infections are not notifiable in all Member States and surveillance varies from country to country, the number of reported cases is not comparable and the actual number of cases may be higher. Food-borne transmissions of HEV appear to be one of the main routes in Europe; pigs and wild boar are the main source of HEV, but deer may also be infected. There is a particular risk related to the consumption of pig liver and raw meat products. Recently, HEV has been detected in shellfish and their production environment (seawater) in Italy. HEV can also enter food through faecal contamination. Outbreaks and sporadic cases have been identified in immunocompetent individuals as well as in recognised risk groups, such as those with pre-existing liver damage, immunosuppressive diseases or immunosuppressive treatments.",True,2019-05-10T00:00:00,2024-08-12T07:22:24,1.0,24.0,[1679]
11,1,F-2018-027,Vibrio spp. in seafood,"V. vulnificus and V. parahaemolyticus are marine bacterial microorganisms that can occur in seawater, especially at warmer temperatures. They are the main cause of bacterial diseases caused by seafood. These pathogens are regularly detected in the USA and Asia. In Europe, the pathogen is hardly ever found. There are fears that these pathogens will become increasingly important as the oceans warm up. The severity of the diseases caused by V. vulnificus can be described as very severe. According to literature, the lethality rate is over 50% after infection. This makes it one of the most serious pathogens in terms of lethality in the area of food-borne diseases. The FDA regulation expresses this with a zero tolerance. In the EU and Switzerland, there is no regulation of this pathogen. In addition, various publications report the multiple development of antibiotic resistance in these pathogens, caused by the use of antibiotics in aquacultures. Environmental and patient isolates show similar resistance profiles. These included resistance to ampicillin, penicillin and tetracycline. HorizonScan: Since 1999, 250 reports of Vibrio spp. in shrimp have been recorded.",True,2018-12-20T00:00:00,2024-08-08T07:24:49,1.0,41.0,[1691]
257,1,F-2024-005,Extended-spectrum β-lactamase-producing Enterobacterales in raw seafood,"The extended-spectrum β-lactamase (ESBL)-producing Enterobacterales (ESBL-EB) encompass several important human pathogens and are found on the World Health Organization (WHO) priority pathogens list of antibiotic-resistant bacteria. They are a group of organisms which demonstrate resistance to third-generation cephalosporins (3GC) and their presence has been documented worldwide, including in aquaculture and the aquatic environment.  The risk profile found that Enterobacterales and ESBL-EB have been found in multiple aquatic environments, as well as multiple host species and production levels. The unmonitored and excessive use of antibiotics in aquatic environments promotes the development and propagation of antimicrobial resistance, and fish can be reservoirs of antibiotic resistance genes, which can easily be transmitted to humans through the consumption of raw fish, creating a public health problem.According to a study from Canada, Surveillance activities to detect ESBL-EB in seafood are needed; salmon and shrimp could be used in initial surveillance activities, representing domestic and imported products. Another study found that, on average, one in five seafood products sold at retail globally is contaminated with ESBL-producing Enterobacterales of clinical relevance.",True,2024-02-09T15:23:32,2024-09-30T09:20:31,2.0,24.0,[1686]
129,1,F-2021-276,Shiga toxin-producing Escherichia albertii,"Escherichia albertii was first described in 2003. This newly described enteropathogen and avian pathogen is often misidentified as E. coli (Ooka et al., 2012) or other members of the family Enterobacteriaceae due to its poorly defined biochemical properties and general lack of clarity. Furthermore, E. albertii strongly resembles E. coli in its phenotypic characteristics. The presence of the major virulence factor intimin in E. albertii is well established, while little is known about the presence of Shiga toxin (Stx) producing E. albertii (STEA). Stxs are the major virulence factors of Stx producing E. coli (STEC) in human infections. However, STEC strains that produce intimin, a host cell adhesin, often cause more critical symptoms in patients than STEC strains that do not produce intimin (Murakami et al., 2014). Several studies investigated the environmental prevalence, detection capabilities, genome and pathogenicity potential of STEA strains. STEA has been isolated from various animals, such as pigs, cats and birds, but the natural reservoir of E. albertii is still unclear; this information would be important to determine transmission dynamics and prevent E. albertii infections. Given that patients in clinical outbreaks in Japan may be infected by water (spring and well water) or vegetables, but not by meat, the natural reservoir of STEA may not be large food animals (e.g. cattle and chickens, the reservoirs for Shiga toxin producing E. coli and Campylobacter jejuni). Another possibility is wildlife, which can contaminate water and vegetables in the area. In the 2020 study from Japan, they detected STEA by PCR in 248 (57.7%) of 430 raccoons from Osaka, Japan, and isolated 143 STEA strains from the 62 PCR-positive samples. In addition to Japan, STEA has also been clinically isolated in other countries where raccoons live. Interactions between raccoons and other animals, such as wild mice and wild boar, may also be possible (Hinenoya et al. 2020).",True,2021-04-09T00:00:00,2024-09-11T07:46:35,1.0,32.0,[1700]
160,1,F-2021-309,Human milk donation and associated health risks,"In the absence of a lactarium in French-speaking Switzerland, young mothers give, sell, buy, or receive breast milk. There are platforms for these exchanges on social networks, but they do not seem to be supervised by health professionals. The journalist in this article raises the microbiological and toxicological risks that the failure to respect certain basic sanitary rules (use of medication and bacterial contamination by Salmonella, Streptococcus, Staphylococcus) may represent for breast milk and therefore for the newborn. In 2022, a first lactarium will be opened, it is possible that these platforms will or will not cease to exist, but the question concerning the professional supervision of this issue remains if they continue to exist.",False,2021-08-10T00:00:00,2023-01-13T15:13:17,1.0,5.0,[1703]
34,1,F-2018-054,Mycotoxins in foods,"Mycotoxins are metabolites formed from certain moulds. Mould – and hence mycotoxins – can form on vulnerable foods in warm and humid conditions, either whilst crops are still growing or post-harvest during storage, drying and transport. Most mycotoxins have toxic effects in humans, and some of the better characterised mycotoxins have regulatory limits in food. Certain foods are at particular risk. These include nuts and peanuts (primarily for aflatoxins) and raisins (primarily for ochratoxin A). Horizon Scan (a non-public database) has compiled a list of the most important products and has noted an increase in recalls. These findings are also supported by other stakeholders across the food chain (e.g., Biomin World Mycotoxin Survey 2018).",True,2018-12-11T00:00:00,2024-09-13T08:13:57,1.0,46.0,[1675]
234,1,F-2023-017,PFAS in water and soils,"During the last 20 years, guideline values for Per- and polyfluoroalkyl substances (PFAS) in drinking water, surface waters, and soils have decreased dramatically due to new insights into their toxicity. As a result, levels in environmental media are now ubiquitously above guideline levels.",False,2023-03-15T08:32:44,2024-08-30T08:15:03,1.0,28.0,[1713]
196,1,F-2022-352,PFOS in meat,"Perfluorooctanesulfonic acid (PFOS) (conjugate base perfluorooctanesulfonate) is an anthropogenic (man-made) fluorosurfactant, now regarded as a global pollutant. There is a major focus on PFOS hotspot contaminations in DK right now. During the spring and summer a site previously used for training fires and firefighting has been investigated. A field close to the site was used for grassing by cows owned by 20 families. Five cows each summer has been grassing there. PFOS is analysed in the meat at concentrations from 156 to 230 ng/g in four samples from four cows. Also grass was analyzed from the area up to 165 ng/g and water in the stream showed very high levels. The theory is that rainwater is running off in the direction of the field and the stream. So the cows have had the intake both from the water in the stream and from the grass. About 187 local consumers, that have eaten the meat through the years, have had the blood analyzed for PFOS. There are a big variation of PFOS in the blood. From 1,1 ng/ml up to 500 ng/ml. Doctors at the nearby hospital will follow the people who has high levels in the blood and try to help them. They will now try to use a type of cholesterol-lowering medicine that is thought to increase the secretion of PFOS. 145 other areas around DK, where use of PFOS has been going on, will now be investigated.",False,2022-07-13T00:00:00,2024-09-04T06:40:26,1.0,6.0,[1713]
24,1,F-2019-044,"Tick-borne encephalitis (TBE, syn. FSME)","TBE or tick-borne encephalitis (encephalitis = inflammation of the brain) is an infectious disease caused by the TBE virus. The virus is transmitted by the bite of an infected tick (Castor bean tick). This is the most significant way of transmitting the virus. An alimentary transmission by unpasteurised milk, or milk products from acutely infected goats or cattle was reported on and has been discussed repeatedly in the past. In Germany, two outbreaks, caused by alimentary transmissions, were detected in 2016 and 2017 respectively. TBE is a viral infection caused by one in three tick-borne encephalitis virus (TBEV) subtypes belonging to the Flaviviridae family: Central European, Siberian and Far Eastern (formerly known as Russian spring-summer encephalitis).",True,2019-01-30T00:00:00,2024-10-09T09:56:29,1.0,37.0,[1711]
